t,robot_0,robot_1,robot_2,robot_3,robot_4,robot_5,robot_6,robot_7,robot_8,robot_9,robot_10,robot_11,robot_12,robot_13,robot_14
0,WS_0_0,WS_0_0,WS_0_0,WS_0_0,WS_0_0,WS_0_0,WS_0_0,WS_0_0,WS_0_0,WS_0_0,WS_0_0,WS_0_0,WS_0_0,WS_0_0,WS_0_0
60,WS_0_0,WS_0_0,WS_0_0,WS_0_0,WS_0_0,WS_0_0,WS_0_0,WS_0_0,WS_0_0,WS_0_0,WS_0_0,WS_0_0,WS_0_0,WS_0_0,WS_0_0
120,WS_0_0,WS_0_0,WS_0_0,WS_0_0,WS_0_0,WS_0_0,WS_0_0,WS_0_0,WS_0_0,WS_0_0,WS_0_0,WS_0_0,WS_0_0,WS_0_0,WS_0_0
180,WS_0_0,WS_0_0,WS_0_0,WS_0_0,WS_0_0,WS_0_0,WS_0_0,WS_0_0,WS_0_0,WS_0_0,WS_0_0,WS_0_0,WS_0_0,WS_0_0,WS_0_0
240,WS_0_0,WS_0_0,WS_0_0,WS_0_0,WS_0_0,WS_0_0,WS_0_0,WS_0_0,WS_0_0,WS_0_0,WS_0_0,WS_0_0,WS_0_0,WS_0_0,WS_0_0
300,WS_1_0,WS_1_0,WS_0_0,WS_0_0,WS_0_0,WS_0_0,WS_0_0,WS_0_0,WS_0_0,WS_0_0,WS_0_0,WS_0_0,WS_0_0,WS_0_0,WS_0_0
360,WS_1_0,WS_1_0,WS_0_0,WS_0_0,WS_0_0,WS_0_0,WS_0_0,WS_0_0,WS_0_0,WS_0_0,WS_0_0,WS_0_0,WS_0_0,WS_0_0,WS_0_0
420,WS_1_0,WS_1_0,WS_0_0,WS_0_0,WS_0_0,WS_0_0,WS_0_0,WS_0_0,WS_0_0,WS_0_0,WS_0_0,WS_0_0,WS_0_0,WS_0_0,WS_0_0
480,WS_1_0,WS_1_0,WS_0_0,WS_0_0,WS_0_0,WS_0_0,WS_0_0,WS_0_0,WS_0_0,WS_0_0,WS_0_0,WS_0_0,WS_0_0,WS_0_0,WS_0_0
540,WS_1_0,WS_1_0,WS_0_0,WS_0_0,WS_0_0,WS_0_0,WS_0_0,WS_0_0,WS_0_0,WS_0_0,WS_0_0,WS_0_0,WS_0_0,WS_0_0,WS_0_0
600,WS_1_0,WS_1_0,WS_2_0,WS_2_0,WS_0_0,WS_0_0,WS_0_0,WS_0_0,WS_0_0,WS_0_0,WS_0_0,WS_0_0,WS_0_0,WS_0_0,WS_0_0
660,WS_1_0,WS_1_0,WS_2_0,WS_2_0,WS_0_0,WS_0_0,WS_0_0,WS_0_0,WS_0_0,WS_0_0,WS_0_0,WS_0_0,WS_0_0,WS_0_0,WS_0_0
720,WS_1_0,WS_1_0,WS_2_0,WS_2_0,WS_0_0,WS_0_0,WS_0_0,WS_0_0,WS_0_0,WS_0_0,WS_0_0,WS_0_0,WS_0_0,WS_0_0,WS_0_0
780,WS_1_0,WS_1_0,WS_2_0,WS_2_0,WS_0_0,WS_0_0,WS_0_0,WS_0_0,WS_0_0,WS_0_0,WS_0_0,WS_0_0,WS_0_0,WS_0_0,WS_0_0
840,WS_1_0,WS_1_0,WS_2_0,WS_2_0,WS_0_0,WS_0_0,WS_0_0,WS_0_0,WS_0_0,WS_0_0,WS_0_0,WS_0_0,WS_0_0,WS_0_0,WS_0_0
900,WS_1_0,WS_1_0,WS_2_0,WS_2_0,WS_0_0,WS_0_0,WS_0_0,WS_0_0,WS_0_0,WS_0_0,WS_0_0,WS_0_0,WS_0_0,WS_0_0,WS_0_0
960,WS_1_0,WS_1_0,WS_2_0,WS_2_0,WS_0_0,WS_0_0,WS_0_0,WS_0_0,WS_0_0,WS_0_0,WS_0_0,WS_0_0,WS_0_0,WS_0_0,WS_0_0
1020,WS_1_0,WS_1_0,WS_2_0,WS_2_0,WS_0_0,WS_0_0,WS_0_0,WS_0_0,WS_0_0,WS_0_0,WS_0_0,WS_0_0,WS_0_0,WS_0_0,WS_0_0
1080,WS_1_0,WS_1_0,WS_2_0,WS_2_0,WS_0_0,WS_0_0,WS_0_0,WS_0_0,WS_0_0,WS_0_0,WS_0_0,WS_0_0,WS_0_0,WS_0_0,WS_0_0
1140,WS_1_0,WS_1_0,WS_2_0,WS_2_0,WS_0_0,WS_0_0,WS_0_0,WS_0_0,WS_0_0,WS_0_0,WS_0_0,WS_0_0,WS_0_0,WS_0_0,WS_0_0
1200,WS_1_0,WS_1_0,WS_2_0,WS_2_0,WS_0_0,WS_0_0,WS_0_0,WS_0_0,WS_0_0,WS_0_0,WS_0_0,WS_0_0,WS_0_0,WS_0_0,WS_0_0
1260,WS_1_0,WS_1_0,WS_2_0,WS_2_0,WS_0_0,WS_0_0,WS_0_0,WS_0_0,WS_0_0,WS_0_0,WS_0_0,WS_0_0,WS_0_0,WS_0_0,WS_0_0
1320,WS_1_0,WS_1_0,WS_2_0,WS_2_0,WS_0_0,WS_0_0,WS_0_0,WS_0_0,WS_0_0,WS_0_0,WS_0_0,WS_0_0,WS_0_0,WS_0_0,WS_0_0
1380,WS_1_0,WS_1_0,WS_2_0,WS_2_0,WS_0_0,WS_0_0,WS_0_0,WS_0_0,WS_0_0,WS_0_0,WS_0_0,WS_0_0,WS_0_0,WS_0_0,WS_0_0
1440,WS_1_0,WS_1_0,WS_2_0,WS_2_0,WS_0_0,WS_0_0,WS_0_0,WS_0_0,WS_0_0,WS_0_0,WS_0_0,WS_0_0,WS_0_0,WS_0_0,WS_0_0
1500,WS_1_0,WS_1_0,WS_2_0,WS_2_0,WS_0_0,WS_0_0,WS_0_0,WS_0_0,WS_0_0,WS_0_0,WS_0_0,WS_0_0,WS_0_0,WS_0_0,WS_0_0
1560,WS_1_0,WS_1_0,WS_2_0,WS_2_0,WS_0_0,WS_0_0,WS_0_0,WS_0_0,WS_0_0,WS_0_0,WS_0_0,WS_0_0,WS_0_0,WS_0_0,WS_0_0
1620,WS_1_0,WS_1_0,WS_2_0,WS_2_0,WS_0_0,WS_0_0,WS_0_0,WS_0_0,WS_0_0,WS_0_0,WS_0_0,WS_0_0,WS_0_0,WS_0_0,WS_0_0
1680,WS_1_0,WS_1_0,WS_2_0,WS_2_0,WS_0_0,WS_0_0,WS_0_0,WS_0_0,WS_0_0,WS_0_0,WS_0_0,WS_0_0,WS_0_0,WS_0_0,WS_0_0
1740,WS_1_0,WS_1_0,WS_2_0,WS_2_0,WS_0_0,WS_0_0,WS_0_0,WS_0_0,WS_0_0,WS_0_0,WS_0_0,WS_0_0,WS_0_0,WS_0_0,WS_0_0
1800,WS_1_0,WS_1_0,WS_2_0,WS_2_0,WS_2_0,WS_2_0,WS_2_0,WS_0_0,WS_0_0,WS_0_0,WS_0_0,WS_0_0,WS_0_0,WS_0_0,WS_0_0
1860,WS_1_0,WS_1_0,WS_2_0,WS_2_0,WS_2_0,WS_2_0,WS_2_0,WS_0_0,WS_0_0,WS_0_0,WS_0_0,WS_0_0,WS_0_0,WS_0_0,WS_0_0
1920,WS_1_0,WS_1_0,WS_2_0,WS_2_0,WS_2_0,WS_2_0,WS_2_0,WS_0_0,WS_0_0,WS_0_0,WS_0_0,WS_0_0,WS_0_0,WS_0_0,WS_0_0
1980,WS_1_0,WS_1_0,WS_2_0,WS_2_0,WS_2_0,WS_2_0,WS_2_0,WS_0_0,WS_0_0,WS_0_0,WS_0_0,WS_0_0,WS_0_0,WS_0_0,WS_0_0
2040,WS_1_0,WS_1_0,WS_2_0,WS_2_0,WS_2_0,WS_2_0,WS_2_0,WS_0_0,WS_0_0,WS_0_0,WS_0_0,WS_0_0,WS_0_0,WS_0_0,WS_0_0
2100,WS_1_0,WS_1_0,WS_2_0,WS_2_0,WS_2_0,WS_2_0,WS_2_0,WS_0_0,WS_0_0,WS_0_0,WS_0_0,WS_0_0,WS_0_0,WS_0_0,WS_0_0
2160,WS_1_0,WS_1_0,WS_2_0,WS_2_0,WS_2_0,WS_2_0,WS_2_0,WS_0_0,WS_0_0,WS_0_0,WS_0_0,WS_0_0,WS_0_0,WS_0_0,WS_0_0
2220,WS_1_0,WS_1_0,WS_2_0,WS_2_0,WS_2_0,WS_2_0,WS_2_0,WS_0_0,WS_0_0,WS_0_0,WS_0_0,WS_0_0,WS_0_0,WS_0_0,WS_0_0
2280,WS_1_0,WS_1_0,WS_2_0,WS_2_0,WS_2_0,WS_2_0,WS_2_0,WS_0_0,WS_0_0,WS_0_0,WS_0_0,WS_0_0,WS_0_0,WS_0_0,WS_0_0
2340,WS_1_0,WS_1_0,WS_2_0,WS_2_0,WS_2_0,WS_2_0,WS_2_0,WS_0_0,WS_0_0,WS_0_0,WS_0_0,WS_0_0,WS_0_0,WS_0_0,WS_0_0
2400,WS_1_0,WS_1_0,WS_2_0,WS_2_0,WS_2_0,WS_2_0,WS_2_0,WS_0_0,WS_0_0,WS_0_0,WS_0_0,WS_0_0,WS_0_0,WS_0_0,WS_0_0
2460,WS_1_0,WS_1_0,WS_2_0,WS_2_0,WS_2_0,WS_2_0,WS_2_0,WS_0_0,WS_0_0,WS_0_0,WS_0_0,WS_0_0,WS_0_0,WS_0_0,WS_0_0
2520,WS_1_0,WS_1_0,WS_2_0,WS_2_0,WS_2_0,WS_2_0,WS_2_0,WS_0_0,WS_0_0,WS_0_0,WS_0_0,WS_0_0,WS_0_0,WS_0_0,WS_0_0
2580,WS_1_0,WS_1_0,WS_2_0,WS_2_0,WS_2_0,WS_2_0,WS_2_0,WS_0_0,WS_0_0,WS_0_0,WS_0_0,WS_0_0,WS_0_0,WS_0_0,WS_0_0
2640,WS_1_0,WS_1_0,WS_2_0,WS_2_0,WS_2_0,WS_2_0,WS_2_0,WS_0_0,WS_0_0,WS_0_0,WS_0_0,WS_0_0,WS_0_0,WS_0_0,WS_0_0
2700,WS_1_1,WS_1_1,WS_1_1,WS_1_1,WS_2_0,WS_2_0,WS_2_0,WS_0_0,WS_0_0,WS_0_0,WS_0_0,WS_0_0,WS_0_0,WS_0_0,WS_0_0
2760,WS_1_1,WS_1_1,WS_1_1,WS_1_1,WS_2_0,WS_2_0,WS_2_0,WS_0_0,WS_0_0,WS_0_0,WS_0_0,WS_0_0,WS_0_0,WS_0_0,WS_0_0
2820,WS_1_1,WS_1_1,WS_1_1,WS_1_1,WS_2_0,WS_2_0,WS_2_0,WS_0_0,WS_0_0,WS_0_0,WS_0_0,WS_0_0,WS_0_0,WS_0_0,WS_0_0
2880,WS_1_1,WS_1_1,WS_1_1,WS_1_1,WS_2_0,WS_2_0,WS_2_0,WS_0_0,WS_0_0,WS_0_0,WS_0_0,WS_0_0,WS_0_0,WS_0_0,WS_0_0
2940,WS_1_1,WS_1_1,WS_1_1,WS_1_1,WS_2_0,WS_2_0,WS_2_0,WS_0_0,WS_0_0,WS_0_0,WS_0_0,WS_0_0,WS_0_0,WS_0_0,WS_0_0
3000,WS_1_1,WS_1_1,WS_1_1,WS_1_1,WS_2_0,WS_2_0,WS_2_0,WS_0_0,WS_0_0,WS_0_0,WS_0_0,WS_0_0,WS_0_0,WS_0_0,WS_0_0
3060,WS_1_1,WS_1_1,WS_1_1,WS_1_1,WS_2_0,WS_2_0,WS_2_0,WS_0_0,WS_0_0,WS_0_0,WS_0_0,WS_0_0,WS_0_0,WS_0_0,WS_0_0
3120,WS_1_1,WS_1_1,WS_1_1,WS_1_1,WS_2_0,WS_2_0,WS_2_0,WS_0_0,WS_0_0,WS_0_0,WS_0_0,WS_0_0,WS_0_0,WS_0_0,WS_0_0
3180,WS_1_1,WS_1_1,WS_1_1,WS_1_1,WS_2_0,WS_2_0,WS_2_0,WS_0_0,WS_0_0,WS_0_0,WS_0_0,WS_0_0,WS_0_0,WS_0_0,WS_0_0
3240,WS_1_1,WS_1_1,WS_1_1,WS_1_1,WS_2_0,WS_2_0,WS_2_0,WS_0_0,WS_0_0,WS_0_0,WS_0_0,WS_0_0,WS_0_0,WS_0_0,WS_0_0
3300,WS_1_1,WS_1_1,WS_1_1,WS_1_1,WS_2_0,WS_2_0,WS_2_0,WS_0_0,WS_0_0,WS_0_0,WS_0_0,WS_0_0,WS_0_0,WS_0_0,WS_0_0
3360,WS_1_1,WS_1_1,WS_1_1,WS_1_1,WS_2_0,WS_2_0,WS_2_0,WS_0_0,WS_0_0,WS_0_0,WS_0_0,WS_0_0,WS_0_0,WS_0_0,WS_0_0
3420,WS_1_1,WS_1_1,WS_1_1,WS_1_1,WS_2_0,WS_2_0,WS_2_0,WS_0_0,WS_0_0,WS_0_0,WS_0_0,WS_0_0,WS_0_0,WS_0_0,WS_0_0
3480,WS_1_1,WS_1_1,WS_1_1,WS_1_1,WS_2_0,WS_2_0,WS_2_0,WS_0_0,WS_0_0,WS_0_0,WS_0_0,WS_0_0,WS_0_0,WS_0_0,WS_0_0
3540,WS_1_1,WS_1_1,WS_1_1,WS_1_1,WS_2_0,WS_2_0,WS_2_0,WS_0_0,WS_0_0,WS_0_0,WS_0_0,WS_0_0,WS_0_0,WS_0_0,WS_0_0
3600,WS_1_1,WS_1_1,WS_1_1,WS_1_1,WS_1_0,WS_1_0,WS_1_0,WS_0_0,WS_0_0,WS_0_0,WS_0_0,WS_0_0,WS_2_0,WS_0_0,WS_0_0
3660,WS_1_1,WS_1_1,WS_1_1,WS_1_1,WS_1_0,WS_1_0,WS_1_0,WS_0_0,WS_0_0,WS_0_0,WS_0_0,WS_0_0,WS_2_0,WS_0_0,WS_0_0
3720,WS_1_1,WS_1_1,WS_1_1,WS_1_1,WS_1_0,WS_1_0,WS_1_0,WS_0_0,WS_0_0,WS_0_0,WS_0_0,WS_0_0,WS_2_0,WS_0_0,WS_0_0
3780,WS_1_1,WS_1_1,WS_1_1,WS_1_1,WS_1_0,WS_1_0,WS_1_0,WS_0_0,WS_0_0,WS_0_0,WS_0_0,WS_0_0,WS_2_0,WS_0_0,WS_0_0
3840,WS_1_1,WS_1_1,WS_1_1,WS_1_1,WS_1_0,WS_1_0,WS_1_0,WS_0_0,WS_0_0,WS_0_0,WS_0_0,WS_0_0,WS_2_0,WS_0_0,WS_0_0
3900,WS_1_1,WS_1_1,WS_1_1,WS_1_1,WS_1_0,WS_1_0,WS_1_0,WS_0_0,WS_0_0,WS_0_0,WS_0_0,WS_0_0,WS_2_0,WS_0_0,WS_0_0
3960,WS_1_1,WS_1_1,WS_1_1,WS_1_1,WS_1_0,WS_1_0,WS_1_0,WS_0_0,WS_0_0,WS_0_0,WS_0_0,WS_0_0,WS_2_0,WS_0_0,WS_0_0
4020,WS_1_1,WS_1_1,WS_1_1,WS_1_1,WS_1_0,WS_1_0,WS_1_0,WS_0_0,WS_0_0,WS_0_0,WS_0_0,WS_0_0,WS_2_0,WS_0_0,WS_0_0
4080,WS_1_1,WS_1_1,WS_1_1,WS_1_1,WS_1_0,WS_1_0,WS_1_0,WS_0_0,WS_0_0,WS_0_0,WS_0_0,WS_0_0,WS_2_0,WS_0_0,WS_0_0
4140,WS_1_1,WS_1_1,WS_1_1,WS_1_1,WS_1_0,WS_1_0,WS_1_0,WS_0_0,WS_0_0,WS_0_0,WS_0_0,WS_0_0,WS_2_0,WS_0_0,WS_0_0
4200,WS_1_1,WS_1_1,WS_1_1,WS_1_1,WS_1_0,WS_1_0,WS_1_0,WS_0_0,WS_0_0,WS_0_0,WS_0_0,WS_0_0,WS_2_0,WS_0_0,WS_0_0
4260,WS_1_1,WS_1_1,WS_1_1,WS_1_1,WS_1_0,WS_1_0,WS_1_0,WS_0_0,WS_0_0,WS_0_0,WS_0_0,WS_0_0,WS_2_0,WS_0_0,WS_0_0
4320,WS_1_1,WS_1_1,WS_1_1,WS_1_1,WS_1_0,WS_1_0,WS_1_0,WS_0_0,WS_0_0,WS_0_0,WS_0_0,WS_0_0,WS_2_0,WS_0_0,WS_0_0
4380,WS_1_1,WS_1_1,WS_1_1,WS_1_1,WS_1_0,WS_1_0,WS_1_0,WS_0_0,WS_0_0,WS_0_0,WS_0_0,WS_0_0,WS_2_0,WS_0_0,WS_0_0
4440,WS_1_1,WS_1_1,WS_1_1,WS_1_1,WS_1_0,WS_1_0,WS_1_0,WS_0_0,WS_0_0,WS_0_0,WS_0_0,WS_0_0,WS_2_0,WS_0_0,WS_0_0
4500,WS_1_1,WS_1_1,WS_1_1,WS_1_1,WS_1_0,WS_1_0,WS_1_0,WS_0_0,WS_0_0,WS_0_0,WS_0_0,WS_0_0,WS_2_0,WS_0_0,WS_0_0
4560,WS_1_1,WS_1_1,WS_1_1,WS_1_1,WS_1_0,WS_1_0,WS_1_0,WS_0_0,WS_0_0,WS_0_0,WS_0_0,WS_0_0,WS_2_0,WS_0_0,WS_0_0
4620,WS_1_1,WS_1_1,WS_1_1,WS_1_1,WS_1_0,WS_1_0,WS_1_0,WS_0_0,WS_0_0,WS_0_0,WS_0_0,WS_0_0,WS_2_0,WS_0_0,WS_0_0
4680,WS_1_1,WS_1_1,WS_1_1,WS_1_1,WS_1_0,WS_1_0,WS_1_0,WS_0_0,WS_0_0,WS_0_0,WS_0_0,WS_0_0,WS_2_0,WS_0_0,WS_0_0
4740,WS_1_1,WS_1_1,WS_1_1,WS_1_1,WS_1_0,WS_1_0,WS_1_0,WS_0_0,WS_0_0,WS_0_0,WS_0_0,WS_0_0,WS_2_0,WS_0_0,WS_0_0
4800,WS_1_1,WS_1_1,WS_1_1,WS_1_1,WS_3_2,WS_3_2,WS_3_2,WS_0_0,WS_0_0,WS_0_0,WS_0_0,WS_0_0,WS_2_0,WS_0_0,WS_0_0
4860,WS_1_1,WS_1_1,WS_1_1,WS_1_1,WS_3_2,WS_3_2,WS_3_2,WS_0_0,WS_0_0,WS_0_0,WS_0_0,WS_0_0,WS_2_0,WS_0_0,WS_0_0
4920,WS_1_1,WS_1_1,WS_1_1,WS_1_1,WS_3_2,WS_3_2,WS_3_2,WS_0_0,WS_0_0,WS_0_0,WS_0_0,WS_0_0,WS_2_0,WS_0_0,WS_0_0
4980,WS_1_1,WS_1_1,WS_1_1,WS_1_1,WS_3_2,WS_3_2,WS_3_2,WS_0_0,WS_0_0,WS_0_0,WS_0_0,WS_0_0,WS_2_0,WS_0_0,WS_0_0
5040,WS_1_1,WS_1_1,WS_1_1,WS_1_1,WS_3_2,WS_3_2,WS_3_2,WS_0_0,WS_0_0,WS_0_0,WS_0_0,WS_0_0,WS_2_0,WS_0_0,WS_0_0
5100,WS_3_0,WS_3_0,WS_3_0,WS_3_0,WS_3_2,WS_3_2,WS_3_2,WS_0_0,WS_0_0,WS_0_0,WS_0_0,WS_0_0,WS_2_0,WS_2_0,WS_2_0
5160,WS_3_0,WS_3_0,WS_3_0,WS_3_0,WS_3_2,WS_3_2,WS_3_2,WS_0_0,WS_0_0,WS_0_0,WS_0_0,WS_0_0,WS_2_0,WS_2_0,WS_2_0
5220,WS_3_0,WS_3_0,WS_3_0,WS_3_0,WS_3_2,WS_3_2,WS_3_2,WS_0_0,WS_0_0,WS_0_0,WS_0_0,WS_0_0,WS_2_0,WS_2_0,WS_2_0
5280,WS_3_0,WS_3_0,WS_3_0,WS_3_0,WS_3_2,WS_3_2,WS_3_2,WS_0_0,WS_0_0,WS_0_0,WS_0_0,WS_0_0,WS_2_0,WS_2_0,WS_2_0
5340,WS_3_0,WS_3_0,WS_3_0,WS_3_0,WS_3_2,WS_3_2,WS_3_2,WS_0_0,WS_0_0,WS_0_0,WS_0_0,WS_0_0,WS_2_0,WS_2_0,WS_2_0
5400,WS_3_0,WS_3_0,WS_3_0,WS_3_0,WS_3_2,WS_3_2,WS_3_2,WS_0_0,WS_0_0,WS_0_0,WS_0_0,WS_0_0,WS_2_0,WS_2_0,WS_2_0
5460,WS_3_0,WS_3_0,WS_3_0,WS_3_0,WS_3_2,WS_3_2,WS_3_2,WS_0_0,WS_0_0,WS_0_0,WS_0_0,WS_0_0,WS_2_0,WS_2_0,WS_2_0
5520,WS_3_0,WS_3_0,WS_3_0,WS_3_0,WS_3_2,WS_3_2,WS_3_2,WS_0_0,WS_0_0,WS_0_0,WS_0_0,WS_0_0,WS_2_0,WS_2_0,WS_2_0
5580,WS_3_0,WS_3_0,WS_3_0,WS_3_0,WS_3_2,WS_3_2,WS_3_2,WS_0_0,WS_0_0,WS_0_0,WS_0_0,WS_0_0,WS_2_0,WS_2_0,WS_2_0
5640,WS_3_0,WS_3_0,WS_3_0,WS_3_0,WS_3_2,WS_3_2,WS_3_2,WS_0_0,WS_0_0,WS_0_0,WS_0_0,WS_0_0,WS_2_0,WS_2_0,WS_2_0
5700,WS_3_0,WS_3_0,WS_3_0,WS_3_0,WS_3_2,WS_3_2,WS_3_2,WS_0_0,WS_0_0,WS_0_0,WS_0_0,WS_0_0,WS_2_0,WS_2_0,WS_2_0
5760,WS_3_0,WS_3_0,WS_3_0,WS_3_0,WS_3_2,WS_3_2,WS_3_2,WS_0_0,WS_0_0,WS_0_0,WS_0_0,WS_0_0,WS_2_0,WS_2_0,WS_2_0
5820,WS_3_0,WS_3_0,WS_3_0,WS_3_0,WS_3_2,WS_3_2,WS_3_2,WS_0_0,WS_0_0,WS_0_0,WS_0_0,WS_0_0,WS_2_0,WS_2_0,WS_2_0
5880,WS_3_0,WS_3_0,WS_3_0,WS_3_0,WS_3_2,WS_3_2,WS_3_2,WS_0_0,WS_0_0,WS_0_0,WS_0_0,WS_0_0,WS_2_0,WS_2_0,WS_2_0
5940,WS_3_0,WS_3_0,WS_3_0,WS_3_0,WS_3_2,WS_3_2,WS_3_2,WS_0_0,WS_0_0,WS_0_0,WS_0_0,WS_0_0,WS_2_0,WS_2_0,WS_2_0
6000,WS_3_0,WS_3_0,WS_3_0,WS_3_0,WS_3_2,WS_3_2,WS_3_2,WS_0_0,WS_0_0,WS_0_0,WS_0_0,WS_0_0,WS_2_0,WS_2_0,WS_2_0
6060,WS_3_0,WS_3_0,WS_3_0,WS_3_0,WS_3_2,WS_3_2,WS_3_2,WS_0_0,WS_0_0,WS_0_0,WS_0_0,WS_0_0,WS_2_0,WS_2_0,WS_2_0
6120,WS_3_0,WS_3_0,WS_3_0,WS_3_0,WS_3_2,WS_3_2,WS_3_2,WS_0_0,WS_0_0,WS_0_0,WS_0_0,WS_0_0,WS_2_0,WS_2_0,WS_2_0
6180,WS_3_0,WS_3_0,WS_3_0,WS_3_0,WS_3_2,WS_3_2,WS_3_2,WS_0_0,WS_0_0,WS_0_0,WS_0_0,WS_0_0,WS_2_0,WS_2_0,WS_2_0
6240,WS_3_0,WS_3_0,WS_3_0,WS_3_0,WS_3_2,WS_3_2,WS_3_2,WS_0_0,WS_0_0,WS_0_0,WS_0_0,WS_0_0,WS_2_0,WS_2_0,WS_2_0
6300,WS_3_0,WS_3_0,WS_3_0,WS_3_0,WS_3_2,WS_3_2,WS_3_2,WS_0_0,WS_0_0,WS_0_0,WS_0_0,WS_0_0,WS_2_0,WS_2_0,WS_2_0
6360,WS_3_0,WS_3_0,WS_3_0,WS_3_0,WS_3_2,WS_3_2,WS_3_2,WS_0_0,WS_0_0,WS_0_0,WS_0_0,WS_0_0,WS_2_0,WS_2_0,WS_2_0
6420,WS_3_0,WS_3_0,WS_3_0,WS_3_0,WS_3_2,WS_3_2,WS_3_2,WS_0_0,WS_0_0,WS_0_0,WS_0_0,WS_0_0,WS_2_0,WS_2_0,WS_2_0
6480,WS_3_0,WS_3_0,WS_3_0,WS_3_0,WS_3_2,WS_3_2,WS_3_2,WS_0_0,WS_0_0,WS_0_0,WS_0_0,WS_0_0,WS_2_0,WS_2_0,WS_2_0
6540,WS_3_0,WS_3_0,WS_3_0,WS_3_0,WS_3_2,WS_3_2,WS_3_2,WS_0_0,WS_0_0,WS_0_0,WS_0_0,WS_0_0,WS_2_0,WS_2_0,WS_2_0
6600,WS_3_0,WS_3_0,WS_3_0,WS_3_0,WS_3_2,WS_3_2,WS_3_2,WS_2_0,WS_2_0,WS_0_0,WS_0_0,WS_0_0,WS_1_1,WS_1_1,WS_1_1
6660,WS_3_0,WS_3_0,WS_3_0,WS_3_0,WS_3_2,WS_3_2,WS_3_2,WS_2_0,WS_2_0,WS_0_0,WS_0_0,WS_0_0,WS_1_1,WS_1_1,WS_1_1
6720,WS_3_0,WS_3_0,WS_3_0,WS_3_0,WS_3_2,WS_3_2,WS_3_2,WS_2_0,WS_2_0,WS_0_0,WS_0_0,WS_0_0,WS_1_1,WS_1_1,WS_1_1
6780,WS_3_0,WS_3_0,WS_3_0,WS_3_0,WS_3_2,WS_3_2,WS_3_2,WS_2_0,WS_2_0,WS_0_0,WS_0_0,WS_0_0,WS_1_1,WS_1_1,WS_1_1
6840,WS_3_0,WS_3_0,WS_3_0,WS_3_0,WS_3_2,WS_3_2,WS_3_2,WS_2_0,WS_2_0,WS_0_0,WS_0_0,WS_0_0,WS_1_1,WS_1_1,WS_1_1
6900,WS_3_0,WS_3_0,WS_3_0,WS_3_0,WS_4_0,WS_4_0,WS_4_0,WS_2_0,WS_2_0,WS_0_0,WS_0_0,WS_0_0,WS_1_1,WS_1_1,WS_1_1
6960,WS_3_0,WS_3_0,WS_3_0,WS_3_0,WS_4_0,WS_4_0,WS_4_0,WS_2_0,WS_2_0,WS_0_0,WS_0_0,WS_0_0,WS_1_1,WS_1_1,WS_1_1
7020,WS_3_0,WS_3_0,WS_3_0,WS_3_0,WS_4_0,WS_4_0,WS_4_0,WS_2_0,WS_2_0,WS_0_0,WS_0_0,WS_0_0,WS_1_1,WS_1_1,WS_1_1
7080,WS_3_0,WS_3_0,WS_3_0,WS_3_0,WS_4_0,WS_4_0,WS_4_0,WS_2_0,WS_2_0,WS_0_0,WS_0_0,WS_0_0,WS_1_1,WS_1_1,WS_1_1
7140,WS_3_0,WS_3_0,WS_3_0,WS_3_0,WS_4_0,WS_4_0,WS_4_0,WS_2_0,WS_2_0,WS_0_0,WS_0_0,WS_0_0,WS_1_1,WS_1_1,WS_1_1
7200,WS_3_0,WS_3_0,WS_3_0,WS_3_0,WS_4_0,WS_4_0,WS_4_0,WS_2_0,WS_2_0,WS_0_0,WS_0_0,WS_0_0,WS_1_1,WS_1_1,WS_1_1
7260,WS_3_0,WS_3_0,WS_3_0,WS_3_0,WS_4_0,WS_4_0,WS_4_0,WS_2_0,WS_2_0,WS_0_0,WS_0_0,WS_0_0,WS_1_1,WS_1_1,WS_1_1
7320,WS_3_0,WS_3_0,WS_3_0,WS_3_0,WS_4_0,WS_4_0,WS_4_0,WS_2_0,WS_2_0,WS_0_0,WS_0_0,WS_0_0,WS_1_1,WS_1_1,WS_1_1
7380,WS_3_0,WS_3_0,WS_3_0,WS_3_0,WS_4_0,WS_4_0,WS_4_0,WS_2_0,WS_2_0,WS_0_0,WS_0_0,WS_0_0,WS_1_1,WS_1_1,WS_1_1
7440,WS_3_0,WS_3_0,WS_3_0,WS_3_0,WS_4_0,WS_4_0,WS_4_0,WS_2_0,WS_2_0,WS_0_0,WS_0_0,WS_0_0,WS_1_1,WS_1_1,WS_1_1
7500,WS_3_0,WS_3_0,WS_3_0,WS_3_0,WS_4_0,WS_4_0,WS_4_0,WS_2_0,WS_2_0,WS_0_0,WS_0_0,WS_0_0,WS_1_1,WS_1_1,WS_1_1
7560,WS_3_0,WS_3_0,WS_3_0,WS_3_0,WS_4_0,WS_4_0,WS_4_0,WS_2_0,WS_2_0,WS_0_0,WS_0_0,WS_0_0,WS_1_1,WS_1_1,WS_1_1
7620,WS_3_0,WS_3_0,WS_3_0,WS_3_0,WS_4_0,WS_4_0,WS_4_0,WS_2_0,WS_2_0,WS_0_0,WS_0_0,WS_0_0,WS_1_1,WS_1_1,WS_1_1
7680,WS_3_0,WS_3_0,WS_3_0,WS_3_0,WS_4_0,WS_4_0,WS_4_0,WS_2_0,WS_2_0,WS_0_0,WS_0_0,WS_0_0,WS_1_1,WS_1_1,WS_1_1
7740,WS_3_0,WS_3_0,WS_3_0,WS_3_0,WS_4_0,WS_4_0,WS_4_0,WS_2_0,WS_2_0,WS_0_0,WS_0_0,WS_0_0,WS_1_1,WS_1_1,WS_1_1
7800,WS_3_0,WS_3_0,WS_3_0,WS_3_0,WS_4_0,WS_4_0,WS_4_0,WS_2_0,WS_2_0,WS_0_0,WS_0_0,WS_0_0,WS_1_1,WS_1_1,WS_1_1
7860,WS_3_0,WS_3_0,WS_3_0,WS_3_0,WS_4_0,WS_4_0,WS_4_0,WS_2_0,WS_2_0,WS_0_0,WS_0_0,WS_0_0,WS_1_1,WS_1_1,WS_1_1
7920,WS_3_0,WS_3_0,WS_3_0,WS_3_0,WS_4_0,WS_4_0,WS_4_0,WS_2_0,WS_2_0,WS_0_0,WS_0_0,WS_0_0,WS_1_1,WS_1_1,WS_1_1
7980,WS_3_0,WS_3_0,WS_3_0,WS_3_0,WS_4_0,WS_4_0,WS_4_0,WS_2_0,WS_2_0,WS_0_0,WS_0_0,WS_0_0,WS_1_1,WS_1_1,WS_1_1
8040,WS_3_0,WS_3_0,WS_3_0,WS_3_0,WS_4_0,WS_4_0,WS_4_0,WS_2_0,WS_2_0,WS_0_0,WS_0_0,WS_0_0,WS_1_1,WS_1_1,WS_1_1
8100,WS_3_0,WS_3_0,WS_3_0,WS_3_0,WS_4_0,WS_4_0,WS_4_0,WS_2_0,WS_2_0,WS_0_0,WS_0_0,WS_0_0,WS_1_1,WS_1_1,WS_1_1
8160,WS_3_0,WS_3_0,WS_3_0,WS_3_0,WS_4_0,WS_4_0,WS_4_0,WS_2_0,WS_2_0,WS_0_0,WS_0_0,WS_0_0,WS_1_1,WS_1_1,WS_1_1
8220,WS_3_0,WS_3_0,WS_3_0,WS_3_0,WS_4_0,WS_4_0,WS_4_0,WS_2_0,WS_2_0,WS_0_0,WS_0_0,WS_0_0,WS_1_1,WS_1_1,WS_1_1
8280,WS_3_0,WS_3_0,WS_3_0,WS_3_0,WS_4_0,WS_4_0,WS_4_0,WS_2_0,WS_2_0,WS_0_0,WS_0_0,WS_0_0,WS_1_1,WS_1_1,WS_1_1
8340,WS_3_0,WS_3_0,WS_3_0,WS_3_0,WS_4_0,WS_4_0,WS_4_0,WS_2_0,WS_2_0,WS_0_0,WS_0_0,WS_0_0,WS_1_1,WS_1_1,WS_1_1
8400,WS_3_0,WS_3_0,WS_3_0,WS_3_0,WS_4_0,WS_4_0,WS_4_0,WS_2_0,WS_2_0,WS_0_0,WS_0_0,WS_0_0,WS_1_1,WS_1_1,WS_1_1
8460,WS_3_0,WS_3_0,WS_3_0,WS_3_0,WS_4_0,WS_4_0,WS_4_0,WS_2_0,WS_2_0,WS_0_0,WS_0_0,WS_0_0,WS_1_1,WS_1_1,WS_1_1
8520,WS_3_0,WS_3_0,WS_3_0,WS_3_0,WS_4_0,WS_4_0,WS_4_0,WS_2_0,WS_2_0,WS_0_0,WS_0_0,WS_0_0,WS_1_1,WS_1_1,WS_1_1
8580,WS_3_0,WS_3_0,WS_3_0,WS_3_0,WS_4_0,WS_4_0,WS_4_0,WS_2_0,WS_2_0,WS_0_0,WS_0_0,WS_0_0,WS_1_1,WS_1_1,WS_1_1
8640,WS_3_0,WS_3_0,WS_3_0,WS_3_0,WS_4_0,WS_4_0,WS_4_0,WS_2_0,WS_2_0,WS_0_0,WS_0_0,WS_0_0,WS_1_1,WS_1_1,WS_1_1
8700,WS_4_0,WS_4_0,WS_4_0,WS_4_0,WS_4_0,WS_4_0,WS_4_0,WS_2_0,WS_2_0,WS_0_0,WS_0_0,WS_0_0,WS_1_1,WS_1_1,WS_1_1
8760,WS_4_0,WS_4_0,WS_4_0,WS_4_0,WS_4_0,WS_4_0,WS_4_0,WS_2_0,WS_2_0,WS_0_0,WS_0_0,WS_0_0,WS_1_1,WS_1_1,WS_1_1
8820,WS_4_0,WS_4_0,WS_4_0,WS_4_0,WS_4_0,WS_4_0,WS_4_0,WS_2_0,WS_2_0,WS_0_0,WS_0_0,WS_0_0,WS_1_1,WS_1_1,WS_1_1
8880,WS_4_0,WS_4_0,WS_4_0,WS_4_0,WS_4_0,WS_4_0,WS_4_0,WS_2_0,WS_2_0,WS_0_0,WS_0_0,WS_0_0,WS_1_1,WS_1_1,WS_1_1
8940,WS_4_0,WS_4_0,WS_4_0,WS_4_0,WS_4_0,WS_4_0,WS_4_0,WS_2_0,WS_2_0,WS_0_0,WS_0_0,WS_0_0,WS_1_1,WS_1_1,WS_1_1
9000,WS_4_0,WS_4_0,WS_4_0,WS_4_0,WS_4_0,WS_4_0,WS_4_0,WS_1_0,WS_1_0,WS_0_0,WS_1_0,WS_1_0,WS_1_1,WS_1_1,WS_1_1
9060,WS_4_0,WS_4_0,WS_4_0,WS_4_0,WS_4_0,WS_4_0,WS_4_0,WS_1_0,WS_1_0,WS_0_0,WS_1_0,WS_1_0,WS_1_1,WS_1_1,WS_1_1
9120,WS_4_0,WS_4_0,WS_4_0,WS_4_0,WS_4_0,WS_4_0,WS_4_0,WS_1_0,WS_1_0,WS_0_0,WS_1_0,WS_1_0,WS_1_1,WS_1_1,WS_1_1
9180,WS_4_0,WS_4_0,WS_4_0,WS_4_0,WS_4_0,WS_4_0,WS_4_0,WS_1_0,WS_1_0,WS_0_0,WS_1_0,WS_1_0,WS_1_1,WS_1_1,WS_1_1
9240,WS_4_0,WS_4_0,WS_4_0,WS_4_0,WS_4_0,WS_4_0,WS_4_0,WS_1_0,WS_1_0,WS_0_0,WS_1_0,WS_1_0,WS_1_1,WS_1_1,WS_1_1
9300,WS_4_0,WS_4_0,WS_4_0,WS_4_0,WS_4_0,WS_4_0,WS_4_0,WS_1_0,WS_1_0,WS_0_0,WS_1_0,WS_1_0,WS_3_0,WS_3_0,WS_3_0
9360,WS_4_0,WS_4_0,WS_4_0,WS_4_0,WS_4_0,WS_4_0,WS_4_0,WS_1_0,WS_1_0,WS_0_0,WS_1_0,WS_1_0,WS_3_0,WS_3_0,WS_3_0
9420,WS_4_0,WS_4_0,WS_4_0,WS_4_0,WS_4_0,WS_4_0,WS_4_0,WS_1_0,WS_1_0,WS_0_0,WS_1_0,WS_1_0,WS_3_0,WS_3_0,WS_3_0
9480,WS_4_0,WS_4_0,WS_4_0,WS_4_0,WS_4_0,WS_4_0,WS_4_0,WS_1_0,WS_1_0,WS_0_0,WS_1_0,WS_1_0,WS_3_0,WS_3_0,WS_3_0
9540,WS_4_0,WS_4_0,WS_4_0,WS_4_0,WS_4_0,WS_4_0,WS_4_0,WS_1_0,WS_1_0,WS_0_0,WS_1_0,WS_1_0,WS_3_0,WS_3_0,WS_3_0
9600,WS_4_0,WS_4_0,WS_4_0,WS_4_0,WS_4_0,WS_4_0,WS_4_0,WS_1_0,WS_1_0,WS_0_0,WS_1_0,WS_1_0,WS_3_0,WS_3_0,WS_3_0
9660,WS_4_0,WS_4_0,WS_4_0,WS_4_0,WS_4_0,WS_4_0,WS_4_0,WS_1_0,WS_1_0,WS_0_0,WS_1_0,WS_1_0,WS_3_0,WS_3_0,WS_3_0
9720,WS_4_0,WS_4_0,WS_4_0,WS_4_0,WS_4_0,WS_4_0,WS_4_0,WS_1_0,WS_1_0,WS_0_0,WS_1_0,WS_1_0,WS_3_0,WS_3_0,WS_3_0
9780,WS_4_0,WS_4_0,WS_4_0,WS_4_0,WS_4_0,WS_4_0,WS_4_0,WS_1_0,WS_1_0,WS_0_0,WS_1_0,WS_1_0,WS_3_0,WS_3_0,WS_3_0
9840,WS_4_0,WS_4_0,WS_4_0,WS_4_0,WS_4_0,WS_4_0,WS_4_0,WS_1_0,WS_1_0,WS_0_0,WS_1_0,WS_1_0,WS_3_0,WS_3_0,WS_3_0
9900,WS_4_0,WS_4_0,WS_4_0,WS_4_0,WS_4_0,WS_4_0,WS_4_0,WS_1_0,WS_1_0,WS_0_0,WS_1_0,WS_1_0,WS_3_0,WS_3_0,WS_3_0
9960,WS_4_0,WS_4_0,WS_4_0,WS_4_0,WS_4_0,WS_4_0,WS_4_0,WS_1_0,WS_1_0,WS_0_0,WS_1_0,WS_1_0,WS_3_0,WS_3_0,WS_3_0
10020,WS_4_0,WS_4_0,WS_4_0,WS_4_0,WS_4_0,WS_4_0,WS_4_0,WS_1_0,WS_1_0,WS_0_0,WS_1_0,WS_1_0,WS_3_0,WS_3_0,WS_3_0
10080,WS_4_0,WS_4_0,WS_4_0,WS_4_0,WS_4_0,WS_4_0,WS_4_0,WS_1_0,WS_1_0,WS_0_0,WS_1_0,WS_1_0,WS_3_0,WS_3_0,WS_3_0
10140,WS_4_0,WS_4_0,WS_4_0,WS_4_0,WS_4_0,WS_4_0,WS_4_0,WS_1_0,WS_1_0,WS_0_0,WS_1_0,WS_1_0,WS_3_0,WS_3_0,WS_3_0
10200,WS_4_0,WS_4_0,WS_4_0,WS_4_0,WS_4_0,WS_4_0,WS_4_0,WS_1_0,WS_1_0,WS_1_1,WS_1_0,WS_1_0,WS_3_0,WS_3_0,WS_3_0
10260,WS_4_0,WS_4_0,WS_4_0,WS_4_0,WS_4_0,WS_4_0,WS_4_0,WS_1_0,WS_1_0,WS_1_1,WS_1_0,WS_1_0,WS_3_0,WS_3_0,WS_3_0
10320,WS_4_0,WS_4_0,WS_4_0,WS_4_0,WS_4_0,WS_4_0,WS_4_0,WS_1_0,WS_1_0,WS_1_1,WS_1_0,WS_1_0,WS_3_0,WS_3_0,WS_3_0
10380,WS_4_0,WS_4_0,WS_4_0,WS_4_0,WS_4_0,WS_4_0,WS_4_0,WS_1_0,WS_1_0,WS_1_1,WS_1_0,WS_1_0,WS_3_0,WS_3_0,WS_3_0
10440,WS_4_0,WS_4_0,WS_4_0,WS_4_0,WS_4_0,WS_4_0,WS_4_0,WS_1_0,WS_1_0,WS_1_1,WS_1_0,WS_1_0,WS_3_0,WS_3_0,WS_3_0
10500,WS_4_0,WS_4_0,WS_4_0,WS_4_0,WS_4_0,WS_4_0,WS_4_0,WS_1_0,WS_1_0,WS_1_1,WS_1_0,WS_1_0,WS_3_0,WS_3_0,WS_3_0
10560,WS_4_0,WS_4_0,WS_4_0,WS_4_0,WS_4_0,WS_4_0,WS_4_0,WS_1_0,WS_1_0,WS_1_1,WS_1_0,WS_1_0,WS_3_0,WS_3_0,WS_3_0
10620,WS_4_0,WS_4_0,WS_4_0,WS_4_0,WS_4_0,WS_4_0,WS_4_0,WS_1_0,WS_1_0,WS_1_1,WS_1_0,WS_1_0,WS_3_0,WS_3_0,WS_3_0
10680,WS_4_0,WS_4_0,WS_4_0,WS_4_0,WS_4_0,WS_4_0,WS_4_0,WS_1_0,WS_1_0,WS_1_1,WS_1_0,WS_1_0,WS_3_0,WS_3_0,WS_3_0
10740,WS_4_0,WS_4_0,WS_4_0,WS_4_0,WS_4_0,WS_4_0,WS_4_0,WS_1_0,WS_1_0,WS_1_1,WS_1_0,WS_1_0,WS_3_0,WS_3_0,WS_3_0
10800,WS_4_0,WS_4_0,WS_4_0,WS_4_0,WS_4_0,WS_4_0,WS_4_0,WS_2_0,WS_2_0,WS_2_0,WS_2_0,WS_2_0,WS_3_0,WS_3_0,WS_3_0
10860,WS_4_0,WS_4_0,WS_4_0,WS_4_0,WS_4_0,WS_4_0,WS_4_0,WS_2_0,WS_2_0,WS_2_0,WS_2_0,WS_2_0,WS_3_0,WS_3_0,WS_3_0
10920,WS_4_0,WS_4_0,WS_4_0,WS_4_0,WS_4_0,WS_4_0,WS_4_0,WS_2_0,WS_2_0,WS_2_0,WS_2_0,WS_2_0,WS_3_0,WS_3_0,WS_3_0
10980,WS_4_0,WS_4_0,WS_4_0,WS_4_0,WS_4_0,WS_4_0,WS_4_0,WS_2_0,WS_2_0,WS_2_0,WS_2_0,WS_2_0,WS_3_0,WS_3_0,WS_3_0
11040,WS_4_0,WS_4_0,WS_4_0,WS_4_0,WS_4_0,WS_4_0,WS_4_0,WS_2_0,WS_2_0,WS_2_0,WS_2_0,WS_2_0,WS_3_0,WS_3_0,WS_3_0
11100,WS_4_0,WS_4_0,WS_4_0,WS_4_0,WS_4_0,WS_4_0,WS_4_0,WS_2_0,WS_2_0,WS_2_0,WS_2_0,WS_2_0,WS_3_0,WS_3_0,WS_3_0
11160,WS_4_0,WS_4_0,WS_4_0,WS_4_0,WS_4_0,WS_4_0,WS_4_0,WS_2_0,WS_2_0,WS_2_0,WS_2_0,WS_2_0,WS_3_0,WS_3_0,WS_3_0
11220,WS_4_0,WS_4_0,WS_4_0,WS_4_0,WS_4_0,WS_4_0,WS_4_0,WS_2_0,WS_2_0,WS_2_0,WS_2_0,WS_2_0,WS_3_0,WS_3_0,WS_3_0
11280,WS_4_0,WS_4_0,WS_4_0,WS_4_0,WS_4_0,WS_4_0,WS_4_0,WS_2_0,WS_2_0,WS_2_0,WS_2_0,WS_2_0,WS_3_0,WS_3_0,WS_3_0
11340,WS_4_0,WS_4_0,WS_4_0,WS_4_0,WS_4_0,WS_4_0,WS_4_0,WS_2_0,WS_2_0,WS_2_0,WS_2_0,WS_2_0,WS_3_0,WS_3_0,WS_3_0
11400,WS_4_0,WS_4_0,WS_4_0,WS_4_0,WS_4_0,WS_4_0,WS_4_0,WS_2_0,WS_2_0,WS_2_0,WS_2_0,WS_2_0,WS_3_0,WS_3_0,WS_3_0
11460,WS_4_0,WS_4_0,WS_4_0,WS_4_0,WS_4_0,WS_4_0,WS_4_0,WS_2_0,WS_2_0,WS_2_0,WS_2_0,WS_2_0,WS_3_0,WS_3_0,WS_3_0
11520,WS_4_0,WS_4_0,WS_4_0,WS_4_0,WS_4_0,WS_4_0,WS_4_0,WS_2_0,WS_2_0,WS_2_0,WS_2_0,WS_2_0,WS_3_0,WS_3_0,WS_3_0
11580,WS_4_0,WS_4_0,WS_4_0,WS_4_0,WS_4_0,WS_4_0,WS_4_0,WS_2_0,WS_2_0,WS_2_0,WS_2_0,WS_2_0,WS_3_0,WS_3_0,WS_3_0
11640,WS_4_0,WS_4_0,WS_4_0,WS_4_0,WS_4_0,WS_4_0,WS_4_0,WS_2_0,WS_2_0,WS_2_0,WS_2_0,WS_2_0,WS_3_0,WS_3_0,WS_3_0
11700,WS_4_0,WS_4_0,WS_4_0,WS_4_0,WS_4_0,WS_4_0,WS_4_0,WS_2_0,WS_2_0,WS_2_0,WS_2_0,WS_2_0,WS_3_0,WS_3_0,WS_3_0
11760,WS_4_0,WS_4_0,WS_4_0,WS_4_0,WS_4_0,WS_4_0,WS_4_0,WS_2_0,WS_2_0,WS_2_0,WS_2_0,WS_2_0,WS_3_0,WS_3_0,WS_3_0
11820,WS_4_0,WS_4_0,WS_4_0,WS_4_0,WS_4_0,WS_4_0,WS_4_0,WS_2_0,WS_2_0,WS_2_0,WS_2_0,WS_2_0,WS_3_0,WS_3_0,WS_3_0
11880,WS_4_0,WS_4_0,WS_4_0,WS_4_0,WS_4_0,WS_4_0,WS_4_0,WS_2_0,WS_2_0,WS_2_0,WS_2_0,WS_2_0,WS_3_0,WS_3_0,WS_3_0
11940,WS_4_0,WS_4_0,WS_4_0,WS_4_0,WS_4_0,WS_4_0,WS_4_0,WS_2_0,WS_2_0,WS_2_0,WS_2_0,WS_2_0,WS_3_0,WS_3_0,WS_3_0
12000,WS_4_0,WS_4_0,WS_4_0,WS_4_0,WS_4_0,WS_4_0,WS_4_0,WS_2_0,WS_2_0,WS_2_0,WS_2_0,WS_2_0,WS_3_0,WS_3_0,WS_3_0
12060,WS_4_0,WS_4_0,WS_4_0,WS_4_0,WS_4_0,WS_4_0,WS_4_0,WS_2_0,WS_2_0,WS_2_0,WS_2_0,WS_2_0,WS_3_0,WS_3_0,WS_3_0
12120,WS_4_0,WS_4_0,WS_4_0,WS_4_0,WS_4_0,WS_4_0,WS_4_0,WS_2_0,WS_2_0,WS_2_0,WS_2_0,WS_2_0,WS_3_0,WS_3_0,WS_3_0
12180,WS_4_0,WS_4_0,WS_4_0,WS_4_0,WS_4_0,WS_4_0,WS_4_0,WS_2_0,WS_2_0,WS_2_0,WS_2_0,WS_2_0,WS_3_0,WS_3_0,WS_3_0
12240,WS_4_0,WS_4_0,WS_4_0,WS_4_0,WS_4_0,WS_4_0,WS_4_0,WS_2_0,WS_2_0,WS_2_0,WS_2_0,WS_2_0,WS_3_0,WS_3_0,WS_3_0
12300,WS_4_0,WS_4_0,WS_4_0,WS_4_0,WS_4_0,WS_4_0,WS_4_0,WS_2_0,WS_2_0,WS_2_0,WS_2_0,WS_2_0,WS_4_0,WS_4_0,WS_4_0
12360,WS_4_0,WS_4_0,WS_4_0,WS_4_0,WS_4_0,WS_4_0,WS_4_0,WS_2_0,WS_2_0,WS_2_0,WS_2_0,WS_2_0,WS_4_0,WS_4_0,WS_4_0
12420,WS_4_0,WS_4_0,WS_4_0,WS_4_0,WS_4_0,WS_4_0,WS_4_0,WS_2_0,WS_2_0,WS_2_0,WS_2_0,WS_2_0,WS_4_0,WS_4_0,WS_4_0
12480,WS_4_0,WS_4_0,WS_4_0,WS_4_0,WS_4_0,WS_4_0,WS_4_0,WS_2_0,WS_2_0,WS_2_0,WS_2_0,WS_2_0,WS_4_0,WS_4_0,WS_4_0
12540,WS_4_0,WS_4_0,WS_4_0,WS_4_0,WS_4_0,WS_4_0,WS_4_0,WS_2_0,WS_2_0,WS_2_0,WS_2_0,WS_2_0,WS_4_0,WS_4_0,WS_4_0
12600,WS_4_0,WS_4_0,WS_4_0,WS_4_0,WS_4_0,WS_4_0,WS_4_0,WS_2_0,WS_2_0,WS_2_0,WS_2_0,WS_2_0,WS_4_0,WS_4_0,WS_4_0
12660,WS_4_0,WS_4_0,WS_4_0,WS_4_0,WS_4_0,WS_4_0,WS_4_0,WS_2_0,WS_2_0,WS_2_0,WS_2_0,WS_2_0,WS_4_0,WS_4_0,WS_4_0
12720,WS_4_0,WS_4_0,WS_4_0,WS_4_0,WS_4_0,WS_4_0,WS_4_0,WS_2_0,WS_2_0,WS_2_0,WS_2_0,WS_2_0,WS_4_0,WS_4_0,WS_4_0
12780,WS_4_0,WS_4_0,WS_4_0,WS_4_0,WS_4_0,WS_4_0,WS_4_0,WS_2_0,WS_2_0,WS_2_0,WS_2_0,WS_2_0,WS_4_0,WS_4_0,WS_4_0
12840,WS_4_0,WS_4_0,WS_4_0,WS_4_0,WS_4_0,WS_4_0,WS_4_0,WS_2_0,WS_2_0,WS_2_0,WS_2_0,WS_2_0,WS_4_0,WS_4_0,WS_4_0
12900,WS_4_0,WS_4_0,WS_4_0,WS_4_0,WS_4_0,WS_4_0,WS_4_0,WS_2_0,WS_2_0,WS_2_0,WS_2_0,WS_2_0,WS_4_0,WS_4_0,WS_4_0
12960,WS_4_0,WS_4_0,WS_4_0,WS_4_0,WS_4_0,WS_4_0,WS_4_0,WS_2_0,WS_2_0,WS_2_0,WS_2_0,WS_2_0,WS_4_0,WS_4_0,WS_4_0
13020,WS_4_0,WS_4_0,WS_4_0,WS_4_0,WS_4_0,WS_4_0,WS_4_0,WS_2_0,WS_2_0,WS_2_0,WS_2_0,WS_2_0,WS_4_0,WS_4_0,WS_4_0
13080,WS_4_0,WS_4_0,WS_4_0,WS_4_0,WS_4_0,WS_4_0,WS_4_0,WS_2_0,WS_2_0,WS_2_0,WS_2_0,WS_2_0,WS_4_0,WS_4_0,WS_4_0
13140,WS_4_0,WS_4_0,WS_4_0,WS_4_0,WS_4_0,WS_4_0,WS_4_0,WS_2_0,WS_2_0,WS_2_0,WS_2_0,WS_2_0,WS_4_0,WS_4_0,WS_4_0
13200,WS_4_0,WS_4_0,WS_4_0,WS_4_0,WS_4_0,WS_4_0,WS_4_0,WS_3_2,WS_3_2,WS_3_2,WS_3_2,WS_3_2,WS_4_0,WS_4_0,WS_4_0
13260,WS_4_0,WS_4_0,WS_4_0,WS_4_0,WS_4_0,WS_4_0,WS_4_0,WS_3_2,WS_3_2,WS_3_2,WS_3_2,WS_3_2,WS_4_0,WS_4_0,WS_4_0
13320,WS_4_0,WS_4_0,WS_4_0,WS_4_0,WS_4_0,WS_4_0,WS_4_0,WS_3_2,WS_3_2,WS_3_2,WS_3_2,WS_3_2,WS_4_0,WS_4_0,WS_4_0
13380,WS_4_0,WS_4_0,WS_4_0,WS_4_0,WS_4_0,WS_4_0,WS_4_0,WS_3_2,WS_3_2,WS_3_2,WS_3_2,WS_3_2,WS_4_0,WS_4_0,WS_4_0
13440,WS_4_0,WS_4_0,WS_4_0,WS_4_0,WS_4_0,WS_4_0,WS_4_0,WS_3_2,WS_3_2,WS_3_2,WS_3_2,WS_3_2,WS_4_0,WS_4_0,WS_4_0
13500,WS_4_0,WS_4_0,WS_4_0,WS_4_0,WS_4_0,WS_4_0,WS_4_0,WS_3_2,WS_3_2,WS_3_2,WS_3_2,WS_3_2,WS_4_0,WS_4_0,WS_4_0
13560,WS_4_0,WS_4_0,WS_4_0,WS_4_0,WS_4_0,WS_4_0,WS_4_0,WS_3_2,WS_3_2,WS_3_2,WS_3_2,WS_3_2,WS_4_0,WS_4_0,WS_4_0
13620,WS_4_0,WS_4_0,WS_4_0,WS_4_0,WS_4_0,WS_4_0,WS_4_0,WS_3_2,WS_3_2,WS_3_2,WS_3_2,WS_3_2,WS_4_0,WS_4_0,WS_4_0
13680,WS_4_0,WS_4_0,WS_4_0,WS_4_0,WS_4_0,WS_4_0,WS_4_0,WS_3_2,WS_3_2,WS_3_2,WS_3_2,WS_3_2,WS_4_0,WS_4_0,WS_4_0
13740,WS_4_0,WS_4_0,WS_4_0,WS_4_0,WS_4_0,WS_4_0,WS_4_0,WS_3_2,WS_3_2,WS_3_2,WS_3_2,WS_3_2,WS_4_0,WS_4_0,WS_4_0
13800,WS_4_0,WS_4_0,WS_4_0,WS_4_0,WS_4_0,WS_4_0,WS_4_0,WS_3_2,WS_3_2,WS_3_2,WS_3_2,WS_3_2,WS_4_0,WS_4_0,WS_4_0
13860,WS_4_0,WS_4_0,WS_4_0,WS_4_0,WS_4_0,WS_4_0,WS_4_0,WS_3_2,WS_3_2,WS_3_2,WS_3_2,WS_3_2,WS_4_0,WS_4_0,WS_4_0
13920,WS_4_0,WS_4_0,WS_4_0,WS_4_0,WS_4_0,WS_4_0,WS_4_0,WS_3_2,WS_3_2,WS_3_2,WS_3_2,WS_3_2,WS_4_0,WS_4_0,WS_4_0
13980,WS_4_0,WS_4_0,WS_4_0,WS_4_0,WS_4_0,WS_4_0,WS_4_0,WS_3_2,WS_3_2,WS_3_2,WS_3_2,WS_3_2,WS_4_0,WS_4_0,WS_4_0
14040,WS_4_0,WS_4_0,WS_4_0,WS_4_0,WS_4_0,WS_4_0,WS_4_0,WS_3_2,WS_3_2,WS_3_2,WS_3_2,WS_3_2,WS_4_0,WS_4_0,WS_4_0
14100,WS_4_0,WS_4_0,WS_4_0,WS_4_0,WS_4_0,WS_4_0,WS_4_0,WS_3_2,WS_3_2,WS_3_2,WS_3_2,WS_3_2,WS_4_0,WS_4_0,WS_4_0
14160,WS_4_0,WS_4_0,WS_4_0,WS_4_0,WS_4_0,WS_4_0,WS_4_0,WS_3_2,WS_3_2,WS_3_2,WS_3_2,WS_3_2,WS_4_0,WS_4_0,WS_4_0
14220,WS_4_0,WS_4_0,WS_4_0,WS_4_0,WS_4_0,WS_4_0,WS_4_0,WS_3_2,WS_3_2,WS_3_2,WS_3_2,WS_3_2,WS_4_0,WS_4_0,WS_4_0
14280,WS_4_0,WS_4_0,WS_4_0,WS_4_0,WS_4_0,WS_4_0,WS_4_0,WS_3_2,WS_3_2,WS_3_2,WS_3_2,WS_3_2,WS_4_0,WS_4_0,WS_4_0
14340,WS_4_0,WS_4_0,WS_4_0,WS_4_0,WS_4_0,WS_4_0,WS_4_0,WS_3_2,WS_3_2,WS_3_2,WS_3_2,WS_3_2,WS_4_0,WS_4_0,WS_4_0
14400,WS_4_0,WS_4_0,WS_4_0,WS_4_0,WS_4_0,WS_4_0,WS_4_0,WS_3_2,WS_3_2,WS_3_2,WS_3_2,WS_3_2,WS_4_0,WS_4_0,WS_4_0
14460,WS_4_0,WS_4_0,WS_4_0,WS_4_0,WS_4_0,WS_4_0,WS_4_0,WS_3_2,WS_3_2,WS_3_2,WS_3_2,WS_3_2,WS_4_0,WS_4_0,WS_4_0
14520,WS_4_0,WS_4_0,WS_4_0,WS_4_0,WS_4_0,WS_4_0,WS_4_0,WS_3_2,WS_3_2,WS_3_2,WS_3_2,WS_3_2,WS_4_0,WS_4_0,WS_4_0
14580,WS_4_0,WS_4_0,WS_4_0,WS_4_0,WS_4_0,WS_4_0,WS_4_0,WS_3_2,WS_3_2,WS_3_2,WS_3_2,WS_3_2,WS_4_0,WS_4_0,WS_4_0
14640,WS_4_0,WS_4_0,WS_4_0,WS_4_0,WS_4_0,WS_4_0,WS_4_0,WS_3_2,WS_3_2,WS_3_2,WS_3_2,WS_3_2,WS_4_0,WS_4_0,WS_4_0
14700,WS_4_0,WS_4_0,WS_4_0,WS_4_0,WS_4_0,WS_4_0,WS_4_0,WS_3_2,WS_3_2,WS_3_2,WS_3_2,WS_3_2,WS_4_0,WS_4_0,WS_4_0
14760,WS_4_0,WS_4_0,WS_4_0,WS_4_0,WS_4_0,WS_4_0,WS_4_0,WS_3_2,WS_3_2,WS_3_2,WS_3_2,WS_3_2,WS_4_0,WS_4_0,WS_4_0
14820,WS_4_0,WS_4_0,WS_4_0,WS_4_0,WS_4_0,WS_4_0,WS_4_0,WS_3_2,WS_3_2,WS_3_2,WS_3_2,WS_3_2,WS_4_0,WS_4_0,WS_4_0
14880,WS_4_0,WS_4_0,WS_4_0,WS_4_0,WS_4_0,WS_4_0,WS_4_0,WS_3_2,WS_3_2,WS_3_2,WS_3_2,WS_3_2,WS_4_0,WS_4_0,WS_4_0
14940,WS_4_0,WS_4_0,WS_4_0,WS_4_0,WS_4_0,WS_4_0,WS_4_0,WS_3_2,WS_3_2,WS_3_2,WS_3_2,WS_3_2,WS_4_0,WS_4_0,WS_4_0
15000,WS_4_0,WS_4_0,WS_4_0,WS_4_0,WS_4_0,WS_4_0,WS_4_0,WS_3_2,WS_3_2,WS_3_2,WS_3_2,WS_3_2,WS_4_0,WS_4_0,WS_4_0
15060,WS_4_0,WS_4_0,WS_4_0,WS_4_0,WS_4_0,WS_4_0,WS_4_0,WS_3_2,WS_3_2,WS_3_2,WS_3_2,WS_3_2,WS_4_0,WS_4_0,WS_4_0
15120,WS_4_0,WS_4_0,WS_4_0,WS_4_0,WS_4_0,WS_4_0,WS_4_0,WS_3_2,WS_3_2,WS_3_2,WS_3_2,WS_3_2,WS_4_0,WS_4_0,WS_4_0
15180,WS_4_0,WS_4_0,WS_4_0,WS_4_0,WS_4_0,WS_4_0,WS_4_0,WS_3_2,WS_3_2,WS_3_2,WS_3_2,WS_3_2,WS_4_0,WS_4_0,WS_4_0
15240,WS_4_0,WS_4_0,WS_4_0,WS_4_0,WS_4_0,WS_4_0,WS_4_0,WS_3_2,WS_3_2,WS_3_2,WS_3_2,WS_3_2,WS_4_0,WS_4_0,WS_4_0
15300,WS_4_0,WS_4_0,WS_4_0,WS_4_0,WS_4_0,WS_4_0,WS_4_0,WS_3_2,WS_3_2,WS_3_2,WS_3_2,WS_3_2,WS_4_0,WS_4_0,WS_4_0
15360,WS_4_0,WS_4_0,WS_4_0,WS_4_0,WS_4_0,WS_4_0,WS_4_0,WS_3_2,WS_3_2,WS_3_2,WS_3_2,WS_3_2,WS_4_0,WS_4_0,WS_4_0
15420,WS_4_0,WS_4_0,WS_4_0,WS_4_0,WS_4_0,WS_4_0,WS_4_0,WS_3_2,WS_3_2,WS_3_2,WS_3_2,WS_3_2,WS_4_0,WS_4_0,WS_4_0
15480,WS_4_0,WS_4_0,WS_4_0,WS_4_0,WS_4_0,WS_4_0,WS_4_0,WS_3_2,WS_3_2,WS_3_2,WS_3_2,WS_3_2,WS_4_0,WS_4_0,WS_4_0
15540,WS_4_0,WS_4_0,WS_4_0,WS_4_0,WS_4_0,WS_4_0,WS_4_0,WS_3_2,WS_3_2,WS_3_2,WS_3_2,WS_3_2,WS_4_0,WS_4_0,WS_4_0
15600,WS_4_0,WS_4_0,WS_4_0,WS_4_0,WS_4_0,WS_4_0,WS_4_0,WS_3_2,WS_3_2,WS_3_2,WS_3_2,WS_3_2,WS_4_0,WS_4_0,WS_4_0
15660,WS_4_0,WS_4_0,WS_4_0,WS_4_0,WS_4_0,WS_4_0,WS_4_0,WS_3_2,WS_3_2,WS_3_2,WS_3_2,WS_3_2,WS_4_0,WS_4_0,WS_4_0
15720,WS_4_0,WS_4_0,WS_4_0,WS_4_0,WS_4_0,WS_4_0,WS_4_0,WS_3_2,WS_3_2,WS_3_2,WS_3_2,WS_3_2,WS_4_0,WS_4_0,WS_4_0
15780,WS_4_0,WS_4_0,WS_4_0,WS_4_0,WS_4_0,WS_4_0,WS_4_0,WS_3_2,WS_3_2,WS_3_2,WS_3_2,WS_3_2,WS_4_0,WS_4_0,WS_4_0
15840,WS_4_0,WS_4_0,WS_4_0,WS_4_0,WS_4_0,WS_4_0,WS_4_0,WS_3_2,WS_3_2,WS_3_2,WS_3_2,WS_3_2,WS_4_0,WS_4_0,WS_4_0
15900,WS_4_0,WS_4_0,WS_4_0,WS_4_0,WS_4_0,WS_4_0,WS_4_0,WS_4_0,WS_4_0,WS_4_0,WS_4_0,WS_4_0,WS_4_0,WS_4_0,WS_4_0
15960,WS_4_0,WS_4_0,WS_4_0,WS_4_0,WS_4_0,WS_4_0,WS_4_0,WS_4_0,WS_4_0,WS_4_0,WS_4_0,WS_4_0,WS_4_0,WS_4_0,WS_4_0
16020,WS_4_0,WS_4_0,WS_4_0,WS_4_0,WS_4_0,WS_4_0,WS_4_0,WS_4_0,WS_4_0,WS_4_0,WS_4_0,WS_4_0,WS_4_0,WS_4_0,WS_4_0
16080,WS_4_0,WS_4_0,WS_4_0,WS_4_0,WS_4_0,WS_4_0,WS_4_0,WS_4_0,WS_4_0,WS_4_0,WS_4_0,WS_4_0,WS_4_0,WS_4_0,WS_4_0
16140,WS_4_0,WS_4_0,WS_4_0,WS_4_0,WS_4_0,WS_4_0,WS_4_0,WS_4_0,WS_4_0,WS_4_0,WS_4_0,WS_4_0,WS_4_0,WS_4_0,WS_4_0
16200,WS_4_0,WS_4_0,WS_4_0,WS_4_0,WS_4_0,WS_4_0,WS_4_0,WS_4_0,WS_4_0,WS_4_0,WS_4_0,WS_4_0,WS_4_0,WS_4_0,WS_4_0
16260,WS_4_0,WS_4_0,WS_4_0,WS_4_0,WS_4_0,WS_4_0,WS_4_0,WS_4_0,WS_4_0,WS_4_0,WS_4_0,WS_4_0,WS_4_0,WS_4_0,WS_4_0
16320,WS_4_0,WS_4_0,WS_4_0,WS_4_0,WS_4_0,WS_4_0,WS_4_0,WS_4_0,WS_4_0,WS_4_0,WS_4_0,WS_4_0,WS_4_0,WS_4_0,WS_4_0
16380,WS_4_0,WS_4_0,WS_4_0,WS_4_0,WS_4_0,WS_4_0,WS_4_0,WS_4_0,WS_4_0,WS_4_0,WS_4_0,WS_4_0,WS_4_0,WS_4_0,WS_4_0
16440,WS_4_0,WS_4_0,WS_4_0,WS_4_0,WS_4_0,WS_4_0,WS_4_0,WS_4_0,WS_4_0,WS_4_0,WS_4_0,WS_4_0,WS_4_0,WS_4_0,WS_4_0
16500,WS_4_0,WS_4_0,WS_4_0,WS_4_0,WS_4_0,WS_4_0,WS_4_0,WS_4_0,WS_4_0,WS_4_0,WS_4_0,WS_4_0,WS_4_0,WS_4_0,WS_4_0
16560,WS_4_0,WS_4_0,WS_4_0,WS_4_0,WS_4_0,WS_4_0,WS_4_0,WS_4_0,WS_4_0,WS_4_0,WS_4_0,WS_4_0,WS_4_0,WS_4_0,WS_4_0
16620,WS_4_0,WS_4_0,WS_4_0,WS_4_0,WS_4_0,WS_4_0,WS_4_0,WS_4_0,WS_4_0,WS_4_0,WS_4_0,WS_4_0,WS_4_0,WS_4_0,WS_4_0
16680,WS_4_0,WS_4_0,WS_4_0,WS_4_0,WS_4_0,WS_4_0,WS_4_0,WS_4_0,WS_4_0,WS_4_0,WS_4_0,WS_4_0,WS_4_0,WS_4_0,WS_4_0
16740,WS_4_0,WS_4_0,WS_4_0,WS_4_0,WS_4_0,WS_4_0,WS_4_0,WS_4_0,WS_4_0,WS_4_0,WS_4_0,WS_4_0,WS_4_0,WS_4_0,WS_4_0
16800,WS_4_0,WS_4_0,WS_4_0,WS_4_0,WS_4_0,WS_4_0,WS_4_0,WS_4_0,WS_4_0,WS_4_0,WS_4_0,WS_4_0,WS_4_0,WS_4_0,WS_4_0
16860,WS_4_0,WS_4_0,WS_4_0,WS_4_0,WS_4_0,WS_4_0,WS_4_0,WS_4_0,WS_4_0,WS_4_0,WS_4_0,WS_4_0,WS_4_0,WS_4_0,WS_4_0
16920,WS_4_0,WS_4_0,WS_4_0,WS_4_0,WS_4_0,WS_4_0,WS_4_0,WS_4_0,WS_4_0,WS_4_0,WS_4_0,WS_4_0,WS_4_0,WS_4_0,WS_4_0
16980,WS_4_0,WS_4_0,WS_4_0,WS_4_0,WS_4_0,WS_4_0,WS_4_0,WS_4_0,WS_4_0,WS_4_0,WS_4_0,WS_4_0,WS_4_0,WS_4_0,WS_4_0
17040,WS_4_0,WS_4_0,WS_4_0,WS_4_0,WS_4_0,WS_4_0,WS_4_0,WS_4_0,WS_4_0,WS_4_0,WS_4_0,WS_4_0,WS_4_0,WS_4_0,WS_4_0
17100,WS_4_0,WS_4_0,WS_4_0,WS_4_0,WS_4_0,WS_4_0,WS_4_0,WS_4_0,WS_4_0,WS_4_0,WS_4_0,WS_4_0,WS_4_0,WS_4_0,WS_4_0
17160,WS_4_0,WS_4_0,WS_4_0,WS_4_0,WS_4_0,WS_4_0,WS_4_0,WS_4_0,WS_4_0,WS_4_0,WS_4_0,WS_4_0,WS_4_0,WS_4_0,WS_4_0
17220,WS_4_0,WS_4_0,WS_4_0,WS_4_0,WS_4_0,WS_4_0,WS_4_0,WS_4_0,WS_4_0,WS_4_0,WS_4_0,WS_4_0,WS_4_0,WS_4_0,WS_4_0
17280,WS_4_0,WS_4_0,WS_4_0,WS_4_0,WS_4_0,WS_4_0,WS_4_0,WS_4_0,WS_4_0,WS_4_0,WS_4_0,WS_4_0,WS_4_0,WS_4_0,WS_4_0
17340,WS_4_0,WS_4_0,WS_4_0,WS_4_0,WS_4_0,WS_4_0,WS_4_0,WS_4_0,WS_4_0,WS_4_0,WS_4_0,WS_4_0,WS_4_0,WS_4_0,WS_4_0
17400,WS_4_0,WS_4_0,WS_4_0,WS_4_0,WS_4_0,WS_4_0,WS_4_0,WS_4_0,WS_4_0,WS_4_0,WS_4_0,WS_4_0,WS_4_0,WS_4_0,WS_4_0
17460,WS_4_0,WS_4_0,WS_4_0,WS_4_0,WS_4_0,WS_4_0,WS_4_0,WS_4_0,WS_4_0,WS_4_0,WS_4_0,WS_4_0,WS_4_0,WS_4_0,WS_4_0
17520,WS_4_0,WS_4_0,WS_4_0,WS_4_0,WS_4_0,WS_4_0,WS_4_0,WS_4_0,WS_4_0,WS_4_0,WS_4_0,WS_4_0,WS_4_0,WS_4_0,WS_4_0
17580,WS_4_0,WS_4_0,WS_4_0,WS_4_0,WS_4_0,WS_4_0,WS_4_0,WS_4_0,WS_4_0,WS_4_0,WS_4_0,WS_4_0,WS_4_0,WS_4_0,WS_4_0
17640,WS_4_0,WS_4_0,WS_4_0,WS_4_0,WS_4_0,WS_4_0,WS_4_0,WS_4_0,WS_4_0,WS_4_0,WS_4_0,WS_4_0,WS_4_0,WS_4_0,WS_4_0
17700,WS_4_0,WS_4_0,WS_4_0,WS_4_0,WS_4_0,WS_4_0,WS_4_0,WS_4_0,WS_4_0,WS_4_0,WS_4_0,WS_4_0,WS_4_0,WS_4_0,WS_4_0
17760,WS_4_0,WS_4_0,WS_4_0,WS_4_0,WS_4_0,WS_4_0,WS_4_0,WS_4_0,WS_4_0,WS_4_0,WS_4_0,WS_4_0,WS_4_0,WS_4_0,WS_4_0
17820,WS_4_0,WS_4_0,WS_4_0,WS_4_0,WS_4_0,WS_4_0,WS_4_0,WS_4_0,WS_4_0,WS_4_0,WS_4_0,WS_4_0,WS_4_0,WS_4_0,WS_4_0
17880,WS_4_0,WS_4_0,WS_4_0,WS_4_0,WS_4_0,WS_4_0,WS_4_0,WS_4_0,WS_4_0,WS_4_0,WS_4_0,WS_4_0,WS_4_0,WS_4_0,WS_4_0
17940,WS_4_0,WS_4_0,WS_4_0,WS_4_0,WS_4_0,WS_4_0,WS_4_0,WS_4_0,WS_4_0,WS_4_0,WS_4_0,WS_4_0,WS_4_0,WS_4_0,WS_4_0
18000,WS_4_0,WS_4_0,WS_4_0,WS_4_0,WS_4_0,WS_4_0,WS_4_0,WS_4_0,WS_4_0,WS_4_0,WS_4_0,WS_4_0,WS_4_0,WS_4_0,WS_4_0
18060,WS_4_0,WS_4_0,WS_4_0,WS_4_0,WS_4_0,WS_4_0,WS_4_0,WS_4_0,WS_4_0,WS_4_0,WS_4_0,WS_4_0,WS_4_0,WS_4_0,WS_4_0
18120,WS_4_0,WS_4_0,WS_4_0,WS_4_0,WS_4_0,WS_4_0,WS_4_0,WS_4_0,WS_4_0,WS_4_0,WS_4_0,WS_4_0,WS_4_0,WS_4_0,WS_4_0
18180,WS_4_0,WS_4_0,WS_4_0,WS_4_0,WS_4_0,WS_4_0,WS_4_0,WS_4_0,WS_4_0,WS_4_0,WS_4_0,WS_4_0,WS_4_0,WS_4_0,WS_4_0
18240,WS_4_0,WS_4_0,WS_4_0,WS_4_0,WS_4_0,WS_4_0,WS_4_0,WS_4_0,WS_4_0,WS_4_0,WS_4_0,WS_4_0,WS_4_0,WS_4_0,WS_4_0
18300,WS_4_0,WS_4_0,WS_4_0,WS_4_0,WS_4_0,WS_4_0,WS_4_0,WS_4_0,WS_4_0,WS_4_0,WS_4_0,WS_4_0,WS_4_0,WS_4_0,WS_4_0
18360,WS_4_0,WS_4_0,WS_4_0,WS_4_0,WS_4_0,WS_4_0,WS_4_0,WS_4_0,WS_4_0,WS_4_0,WS_4_0,WS_4_0,WS_4_0,WS_4_0,WS_4_0
18420,WS_4_0,WS_4_0,WS_4_0,WS_4_0,WS_4_0,WS_4_0,WS_4_0,WS_4_0,WS_4_0,WS_4_0,WS_4_0,WS_4_0,WS_4_0,WS_4_0,WS_4_0
18480,WS_4_0,WS_4_0,WS_4_0,WS_4_0,WS_4_0,WS_4_0,WS_4_0,WS_4_0,WS_4_0,WS_4_0,WS_4_0,WS_4_0,WS_4_0,WS_4_0,WS_4_0
18540,WS_4_0,WS_4_0,WS_4_0,WS_4_0,WS_4_0,WS_4_0,WS_4_0,WS_4_0,WS_4_0,WS_4_0,WS_4_0,WS_4_0,WS_4_0,WS_4_0,WS_4_0
18600,WS_4_0,WS_4_0,WS_4_0,WS_4_0,WS_4_0,WS_4_0,WS_4_0,WS_4_0,WS_4_0,WS_4_0,WS_4_0,WS_4_0,WS_4_0,WS_4_0,WS_4_0
18660,WS_4_0,WS_4_0,WS_4_0,WS_4_0,WS_4_0,WS_4_0,WS_4_0,WS_4_0,WS_4_0,WS_4_0,WS_4_0,WS_4_0,WS_4_0,WS_4_0,WS_4_0
18720,WS_4_0,WS_4_0,WS_4_0,WS_4_0,WS_4_0,WS_4_0,WS_4_0,WS_4_0,WS_4_0,WS_4_0,WS_4_0,WS_4_0,WS_4_0,WS_4_0,WS_4_0
18780,WS_4_0,WS_4_0,WS_4_0,WS_4_0,WS_4_0,WS_4_0,WS_4_0,WS_4_0,WS_4_0,WS_4_0,WS_4_0,WS_4_0,WS_4_0,WS_4_0,WS_4_0
18840,WS_4_0,WS_4_0,WS_4_0,WS_4_0,WS_4_0,WS_4_0,WS_4_0,WS_4_0,WS_4_0,WS_4_0,WS_4_0,WS_4_0,WS_4_0,WS_4_0,WS_4_0
18900,WS_4_0,WS_4_0,WS_4_0,WS_4_0,WS_4_0,WS_4_0,WS_4_0,WS_4_0,WS_4_0,WS_4_0,WS_4_0,WS_4_0,WS_4_0,WS_4_0,WS_4_0
18960,WS_4_0,WS_4_0,WS_4_0,WS_4_0,WS_4_0,WS_4_0,WS_4_0,WS_4_0,WS_4_0,WS_4_0,WS_4_0,WS_4_0,WS_4_0,WS_4_0,WS_4_0
19020,WS_4_0,WS_4_0,WS_4_0,WS_4_0,WS_4_0,WS_4_0,WS_4_0,WS_4_0,WS_4_0,WS_4_0,WS_4_0,WS_4_0,WS_4_0,WS_4_0,WS_4_0
19080,WS_4_0,WS_4_0,WS_4_0,WS_4_0,WS_4_0,WS_4_0,WS_4_0,WS_4_0,WS_4_0,WS_4_0,WS_4_0,WS_4_0,WS_4_0,WS_4_0,WS_4_0
19140,WS_4_0,WS_4_0,WS_4_0,WS_4_0,WS_4_0,WS_4_0,WS_4_0,WS_4_0,WS_4_0,WS_4_0,WS_4_0,WS_4_0,WS_4_0,WS_4_0,WS_4_0
19200,WS_4_0,WS_4_0,WS_4_0,WS_4_0,WS_4_0,WS_4_0,WS_4_0,WS_4_0,WS_4_0,WS_4_0,WS_4_0,WS_4_0,WS_4_0,WS_4_0,WS_4_0
19260,WS_4_0,WS_4_0,WS_4_0,WS_4_0,WS_4_0,WS_4_0,WS_4_0,WS_4_0,WS_4_0,WS_4_0,WS_4_0,WS_4_0,WS_4_0,WS_4_0,WS_4_0
19320,WS_4_0,WS_4_0,WS_4_0,WS_4_0,WS_4_0,WS_4_0,WS_4_0,WS_4_0,WS_4_0,WS_4_0,WS_4_0,WS_4_0,WS_4_0,WS_4_0,WS_4_0
19380,WS_4_0,WS_4_0,WS_4_0,WS_4_0,WS_4_0,WS_4_0,WS_4_0,WS_4_0,WS_4_0,WS_4_0,WS_4_0,WS_4_0,WS_4_0,WS_4_0,WS_4_0
19440,WS_4_0,WS_4_0,WS_4_0,WS_4_0,WS_4_0,WS_4_0,WS_4_0,WS_4_0,WS_4_0,WS_4_0,WS_4_0,WS_4_0,WS_4_0,WS_4_0,WS_4_0
19500,WS_4_0,WS_4_0,WS_4_0,WS_4_0,WS_4_0,WS_4_0,WS_4_0,WS_4_0,WS_4_0,WS_4_0,WS_4_0,WS_4_0,WS_4_0,WS_4_0,WS_4_0